benchmark_id,tier,backend_requested,backend_executed,api,profile,bytes,threads_requested,threads_effective,median_ns,mean_ns,stddev_ns,confidence_low_ns,confidence_high_ns,sample_count,throughput_gib_s,commit,status
block-engine_decode+integrity_16threads_1MiB-blocks_16MiB/decode,block-engine_decode+integrity_16threads_1MiB-blocks_16MiB,decode,decode,unknown,unknown,0,1,1,3127877.519345238,3027640.5090669463,199688.63821091392,2952929.921460522,3093078.4131328985,1,0,5fdea8e27a1646246b683afeb0d6961dacdba53a,pass
block-engine_decode+integrity_16threads_1MiB-blocks_64MiB/decode,block-engine_decode+integrity_16threads_1MiB-blocks_64MiB,decode,decode,unknown,unknown,0,1,1,9205596.877777778,9128092.553746767,267303.91619745246,9025094.112138718,9211415.71151914,1,0,5fdea8e27a1646246b683afeb0d6961dacdba53a,pass
block-engine_decode+integrity_1threads_1MiB-blocks_16MiB/decode,block-engine_decode+integrity_1threads_1MiB-blocks_16MiB,decode,decode,unknown,unknown,0,1,1,17189581.53839869,17281878.199696247,253348.6203001404,17195094.655400828,17372731.462956097,1,0,5fdea8e27a1646246b683afeb0d6961dacdba53a,pass
block-engine_decode+integrity_1threads_1MiB-blocks_64MiB/decode,block-engine_decode+integrity_1threads_1MiB-blocks_64MiB,decode,decode,unknown,unknown,0,1,1,67908877.5,67930831.31333332,258519.17658410437,67837821.18099998,68019917.11583334,1,0,5fdea8e27a1646246b683afeb0d6961dacdba53a,pass
block-engine_decode+integrity_2threads_1MiB-blocks_16MiB/decode,block-engine_decode+integrity_2threads_1MiB-blocks_16MiB,decode,decode,unknown,unknown,0,1,1,8672858.933333334,8683331.450563712,46153.943867831375,8668157.10249302,8700443.855001947,1,0,5fdea8e27a1646246b683afeb0d6961dacdba53a,pass
block-engine_decode+integrity_2threads_1MiB-blocks_64MiB/decode,block-engine_decode+integrity_2threads_1MiB-blocks_64MiB,decode,decode,unknown,unknown,0,1,1,34408967.87301587,34512144.57727888,389047.3349533094,34376372.13981981,34650291.89775875,1,0,5fdea8e27a1646246b683afeb0d6961dacdba53a,pass
block-engine_decode+integrity_4threads_1MiB-blocks_16MiB/decode,block-engine_decode+integrity_4threads_1MiB-blocks_16MiB,decode,decode,unknown,unknown,0,1,1,4598150.658152174,4571003.278184519,100126.62693694542,4533113.946177765,4603070.591605764,1,0,5fdea8e27a1646246b683afeb0d6961dacdba53a,pass
block-engine_decode+integrity_4threads_1MiB-blocks_64MiB/decode,block-engine_decode+integrity_4threads_1MiB-blocks_64MiB,decode,decode,unknown,unknown,0,1,1,17965149.03125,17950214.953107968,152094.7146176788,17897040.234212983,18003986.600706264,1,0,5fdea8e27a1646246b683afeb0d6961dacdba53a,pass
block-engine_decode+integrity_8threads_1MiB-blocks_16MiB/decode,block-engine_decode+integrity_8threads_1MiB-blocks_16MiB,decode,decode,unknown,unknown,0,1,1,3638685.389687101,3567365.3935912726,152711.17777722646,3510595.2687751157,3617470.648813221,1,0,5fdea8e27a1646246b683afeb0d6961dacdba53a,pass
block-engine_decode+integrity_8threads_1MiB-blocks_64MiB/decode,block-engine_decode+integrity_8threads_1MiB-blocks_64MiB,decode,decode,unknown,unknown,0,1,1,11100904.666666668,11007946.738853987,221854.05343166212,10924728.064231472,11078966.60526672,1,0,5fdea8e27a1646246b683afeb0d6961dacdba53a,pass
block-engine_encode_16threads_1MiB-blocks_64MiB/encode,block-engine_encode_16threads_1MiB-blocks_64MiB,encode,encode,unknown,unknown,0,1,1,31134349.447916664,31158302.88624645,263422.45884646097,31067559.54472773,31252228.465633385,1,0,5fdea8e27a1646246b683afeb0d6961dacdba53a,pass
block-engine_encode_1threads_1MiB-blocks_64MiB/encode,block-engine_encode_1threads_1MiB-blocks_64MiB,encode,encode,unknown,unknown,0,1,1,151875320.5,151972031.46666667,330453.63386508636,151866119.4408333,152097111.94277775,1,0,5fdea8e27a1646246b683afeb0d6961dacdba53a,pass
block-engine_encode_2threads_1MiB-blocks_64MiB/encode,block-engine_encode_2threads_1MiB-blocks_64MiB,encode,encode,unknown,unknown,0,1,1,82197323.75,82328086.28333333,505424.672701038,82164824.44041666,82518822.44270833,1,0,5fdea8e27a1646246b683afeb0d6961dacdba53a,pass
block-engine_encode_4threads_1MiB-blocks_64MiB/encode,block-engine_encode_4threads_1MiB-blocks_64MiB,encode,encode,unknown,unknown,0,1,1,47530460.92857143,47640129.39999999,303517.66124315246,47539879.897023804,47752066.69488095,1,0,5fdea8e27a1646246b683afeb0d6961dacdba53a,pass
block-engine_encode_8threads_1MiB-blocks_64MiB/encode,block-engine_encode_8threads_1MiB-blocks_64MiB,encode,encode,unknown,unknown,0,1,1,34652003.75294118,34702232.59861657,481719.9217461456,34534668.55921681,34874495.72131623,1,0,5fdea8e27a1646246b683afeb0d6961dacdba53a,pass
block-engine_verify_16threads_1MiB-blocks_64MiB/verify,block-engine_verify_16threads_1MiB-blocks_64MiB,verify,verify,unknown,unknown,0,1,1,10253451.055555556,10249865.102082515,52704.0282316471,10230194.588544909,10267332.878653586,1,0,5fdea8e27a1646246b683afeb0d6961dacdba53a,pass
block-engine_verify_1threads_1MiB-blocks_64MiB/verify,block-engine_verify_1threads_1MiB-blocks_64MiB,verify,verify,unknown,unknown,0,1,1,91696254.875,91704005.56666666,125013.8794318926,91660446.07520832,91748244.25354166,1,0,5fdea8e27a1646246b683afeb0d6961dacdba53a,pass
block-engine_verify_2threads_1MiB-blocks_64MiB/verify,block-engine_verify_2threads_1MiB-blocks_64MiB,verify,verify,unknown,unknown,0,1,1,46057119.75,46054679.795833334,54280.908762734245,46035753.013645835,46073788.75916667,1,0,5fdea8e27a1646246b683afeb0d6961dacdba53a,pass
block-engine_verify_4threads_1MiB-blocks_64MiB/verify,block-engine_verify_4threads_1MiB-blocks_64MiB,verify,verify,unknown,unknown,0,1,1,23187544.078804348,23230367.933901396,250314.7439388659,23171138.31194077,23329839.74077204,1,0,5fdea8e27a1646246b683afeb0d6961dacdba53a,pass
block-engine_verify_8threads_1MiB-blocks_64MiB/verify,block-engine_verify_8threads_1MiB-blocks_64MiB,verify,verify,unknown,unknown,0,1,1,13414127.82142857,13411540.80162259,135809.90759317204,13363008.453637136,13458778.50294516,1,0,5fdea8e27a1646246b683afeb0d6961dacdba53a,pass
parallel_decode_cold-executor_16threads_1MiB-blocks_16MiB/decode,parallel_decode_cold-executor_16threads_1MiB-blocks_16MiB,decode,decode,unknown,unknown,1048576,1,1,3104528.4666048237,2990722.829556026,219940.4242124547,2908312.08087186,3062556.3696750537,1,0.3145606524484502,5fdea8e27a1646246b683afeb0d6961dacdba53a,pass
parallel_decode_cold-executor_16threads_1MiB-blocks_64MiB/decode,parallel_decode_cold-executor_16threads_1MiB-blocks_64MiB,decode,decode,unknown,unknown,1048576,1,1,9126537.312169312,9047310.049488427,275470.90490930463,8940901.452733697,9133878.483447062,1,0.10700252095587809,5fdea8e27a1646246b683afeb0d6961dacdba53a,pass
parallel_decode_cold-executor_1threads_1MiB-blocks_16MiB/decode,parallel_decode_cold-executor_1threads_1MiB-blocks_16MiB,decode,decode,unknown,unknown,1048576,1,1,17060467.740625,17160856.607987348,309449.6029843296,17054376.52359048,17272452.15368896,1,0.057241250055212384,5fdea8e27a1646246b683afeb0d6961dacdba53a,pass
parallel_decode_cold-executor_1threads_1MiB-blocks_64MiB/decode,parallel_decode_cold-executor_1threads_1MiB-blocks_64MiB,decode,decode,unknown,unknown,1048576,1,1,67523868.9,67561122.88000003,238008.77771744784,67479397.60683334,67647237.56166665,1,0.014462478467373481,5fdea8e27a1646246b683afeb0d6961dacdba53a,pass
parallel_decode_cold-executor_2threads_1MiB-blocks_16MiB/decode,parallel_decode_cold-executor_2threads_1MiB-blocks_16MiB,decode,decode,unknown,unknown,1048576,1,1,8675928.484848484,8647922.066266125,118635.39243136616,8603065.08249218,8686384.791725097,1,0.11255999881804633,5fdea8e27a1646246b683afeb0d6961dacdba53a,pass
parallel_decode_cold-executor_2threads_1MiB-blocks_64MiB/decode,parallel_decode_cold-executor_2threads_1MiB-blocks_64MiB,decode,decode,unknown,unknown,1048576,1,1,34459677.06666666,34726231.096371956,605501.542089914,34519594.072528824,34943570.58822348,1,0.02833928182526826,5fdea8e27a1646246b683afeb0d6961dacdba53a,pass
parallel_decode_cold-executor_4threads_1MiB-blocks_16MiB/decode,parallel_decode_cold-executor_4threads_1MiB-blocks_16MiB,decode,decode,unknown,unknown,1048576,1,1,4625054.934027778,4575560.80630535,162153.46629953996,4514057.43043803,4627357.314153812,1,0.21114614073341398,5fdea8e27a1646246b683afeb0d6961dacdba53a,pass
parallel_decode_cold-executor_4threads_1MiB-blocks_64MiB/decode,parallel_decode_cold-executor_4threads_1MiB-blocks_64MiB,decode,decode,unknown,unknown,1048576,1,1,17921315.440340906,18019044.9842829,326441.87875132787,17905853.85295605,18135155.65862946,1,0.05449167519264554,5fdea8e27a1646246b683afeb0d6961dacdba53a,pass
parallel_decode_cold-executor_8threads_1MiB-blocks_16MiB/decode,parallel_decode_cold-executor_8threads_1MiB-blocks_16MiB,decode,decode,unknown,unknown,1048576,1,1,3634320.379901961,3572251.381050183,166592.5908702,3510136.122131445,3626378.232280939,1,0.2687056720151743,5fdea8e27a1646246b683afeb0d6961dacdba53a,pass
parallel_decode_cold-executor_8threads_1MiB-blocks_64MiB/decode,parallel_decode_cold-executor_8threads_1MiB-blocks_64MiB,decode,decode,unknown,unknown,1048576,1,1,11256163.183333334,11156298.098761894,303276.09145071555,11039526.764085991,11251875.1552128,1,0.08675802616703061,5fdea8e27a1646246b683afeb0d6961dacdba53a,pass
parallel_encode_cold-executor_16threads_1MiB-blocks_64MiB/encode,parallel_encode_cold-executor_16threads_1MiB-blocks_64MiB,encode,encode,unknown,unknown,1048576,1,1,22270650.09583333,22335922.357326325,205966.02079694995,22267226.18663518,22412302.1041944,1,0.043849752737245305,5fdea8e27a1646246b683afeb0d6961dacdba53a,pass
parallel_encode_cold-executor_1threads_1MiB-blocks_64MiB/encode,parallel_encode_cold-executor_1threads_1MiB-blocks_64MiB,encode,encode,unknown,unknown,1048576,1,1,144754659.5,144938573.7222222,698084.9046457959,144696951.1588889,145188159.57916665,1,0.006746328604365236,5fdea8e27a1646246b683afeb0d6961dacdba53a,pass
parallel_encode_cold-executor_2threads_1MiB-blocks_64MiB/encode,parallel_encode_cold-executor_2threads_1MiB-blocks_64MiB,encode,encode,unknown,unknown,1048576,1,1,74989748.1,74995951,252310.94456417928,74907936.02733335,75085126.69466667,1,0.013022613420406996,5fdea8e27a1646246b683afeb0d6961dacdba53a,pass
parallel_encode_cold-executor_4threads_1MiB-blocks_64MiB/encode,parallel_encode_cold-executor_4threads_1MiB-blocks_64MiB,encode,encode,unknown,unknown,1048576,1,1,40024179.0625,40048647.34583333,150061.08620820634,39997186.2534375,40102649.9715625,1,0.024399313686735282,5fdea8e27a1646246b683afeb0d6961dacdba53a,pass
parallel_encode_cold-executor_8threads_1MiB-blocks_64MiB/encode,parallel_encode_cold-executor_8threads_1MiB-blocks_64MiB,encode,encode,unknown,unknown,1048576,1,1,26322828.191558443,26363861.539401382,412240.59396087035,26223754.635456067,26515562.505418103,1,0.0370994519621253,5fdea8e27a1646246b683afeb0d6961dacdba53a,pass
parallel_verify_cold-executor_16threads_1MiB-blocks_64MiB/verify,parallel_verify_cold-executor_16threads_1MiB-blocks_64MiB,verify,verify,unknown,unknown,1048576,1,1,10192235.694444444,10193675.007887485,63329.06052964215,10172649.972505411,10217488.076297736,1,0.09581435607227,5fdea8e27a1646246b683afeb0d6961dacdba53a,pass
parallel_verify_cold-executor_1threads_1MiB-blocks_64MiB/verify,parallel_verify_cold-executor_1threads_1MiB-blocks_64MiB,verify,verify,unknown,unknown,1048576,1,1,92113348.75,92227798.1,422018.2243271335,92084191.92958333,92380134.3225,1,0.01060174788184541,5fdea8e27a1646246b683afeb0d6961dacdba53a,pass
parallel_verify_cold-executor_2threads_1MiB-blocks_64MiB/verify,parallel_verify_cold-executor_2threads_1MiB-blocks_64MiB,verify,verify,unknown,unknown,1048576,1,1,46145734.3125,46162995.07083333,103374.25467993566,46128226.724270836,46201090.80916667,1,0.021162573627861152,5fdea8e27a1646246b683afeb0d6961dacdba53a,pass
parallel_verify_cold-executor_4threads_1MiB-blocks_64MiB/verify,parallel_verify_cold-executor_4threads_1MiB-blocks_64MiB,verify,verify,unknown,unknown,1048576,1,1,23161245.36,23170846.36007768,89002.1342690397,23141079.032817636,23203760.718728814,1,0.04216364382921075,5fdea8e27a1646246b683afeb0d6961dacdba53a,pass
parallel_verify_cold-executor_8threads_1MiB-blocks_64MiB/verify,parallel_verify_cold-executor_8threads_1MiB-blocks_64MiB,verify,verify,unknown,unknown,1048576,1,1,13367486.258597884,13358769.345686195,106462.62069836249,13320604.306581171,13395424.840315543,1,0.07305505920171648,5fdea8e27a1646246b683afeb0d6961dacdba53a,pass
